Date,benchmark,binary,continuous,cum_benchmark,cum_binary,cum_continuous,risk_score,weight_stocks
2003-11-01,0.00788867503484638,0.00788867503484638,0.008923913233025875,1.0078886750348464,1.0078886750348464,1.0089239132330259,0.058755351641185186,0.8529957186870519
2003-12-01,0.03409521740834053,0.03409521740834053,0.03953005462534884,1.0422528585335635,1.0422528585335635,1.048806730635948,0.1573848174023715,0.7740921460781028
2004-01-01,0.01362032367767011,0.01362032367767011,0.017430008180094606,1.0564486798207677,1.0564486798207677,1.067087440530271,0.40168583887989917,0.5786513288960807
2004-02-01,0.012708079762703871,0.012708079762703871,0.012888140020435725,1.0698741139091332,1.0698741139091332,1.0808402128778736,0.6286538779788146,0.3970768976169484
2004-03-01,-0.005216966946256369,-0.005607276231271689,-0.004960014151801438,1.064292616020214,1.0638750342197578,1.0754792301261633,0.34345608293578905,0.6252351336513687
2004-04-01,-0.022580499674957642,-0.026634047914034977,-0.0246595435098141,1.0402603569501097,1.0355397355838032,1.0489584032569659,0.19014193446484404,0.7478864524281248
2004-05-01,0.008756516659171308,0.008756516659171308,0.009171207038130406,1.0493694140956187,1.0446074565296766,1.0585786179476222,0.08946776849074467,0.8284257852074043
2004-06-01,0.014012006372006915,0.014012006372006915,0.015595139003730302,1.0640731850125156,1.0592445028668163,1.0750872986408921,0.4439396549502465,0.5448482760398028
2004-07-01,-0.01564185213095731,-0.01564185213095731,-0.02538152612257251,1.047429109596033,1.0426759569824442,1.0477999422863924,0.166690811383677,0.7666473508930584
2004-08-01,0.007932984488640446,0.007932984488640446,0.008469421039092014,1.0557383484754088,1.0509474891758643,1.0566742011623522,0.395787959916312,0.5833696320669505
2004-09-01,0.008088512812508981,0.008088512812508981,0.008716595678159312,1.0642777016337093,1.0594480914073374,1.0658848029374266,0.1272159003946277,0.7982272796842979
2004-10-01,0.011196338396047877,0.011196338396047877,0.010913338248931575,1.0761937149285683,1.0713100307517809,1.0775171643262784,0.18549207665455586,0.7516063386763554
2004-11-01,0.02374141569068376,0.02374141569068376,0.033988606600713366,1.1017440772783886,1.096744447525458,1.1141404713300804,0.2946127674571226,0.6643097860343019
2004-12-01,0.021256960504708985,0.021256960504708985,0.024528575667059228,1.1251638076153925,1.1200579009302656,1.1414687501848333,0.004311106433028867,0.8965511148535769
2005-01-01,-0.011505827362103272,-0.011505827362103272,-0.013493480393842563,1.112217867090883,1.1071707080866022,1.1260663639840303,0.05404568333523425,0.8567634533318126
2005-02-01,0.011050494137465715,0.011050494137465715,0.01831471193007113,1.1245084241107555,1.119405491505487,1.1466899450545402,0.01342420416919571,0.8892606366646434
2005-03-01,-0.014874649168621233,-0.014874649168621233,-0.01710135593722443,1.1077817558149488,1.1027547275419147,1.1270799921545263,0.8198381791178487,0.24412945670572103
2005-04-01,-0.0043582130830152775,-0.0047408745885945715,-0.015394266723434618,1.1029538068736304,1.0975267056766587,1.109729422136653,0.2594620384439483,0.6924303692448414
2005-05-01,0.022639463843863474,0.012669031275107281,0.013678188091799246,1.1279240897057974,1.1114313058361416,1.1249085099036418,0.40696667360793193,0.5744266611136545
2005-06-01,0.004412361965657926,0.004412361965657926,0.003627704232561966,1.1329008990593645,1.1163353430574545,1.128989345266264,0.07757735078704629,0.837938119370363
2005-07-01,0.018803650944949398,0.018803650944949398,0.01731999896130605,1.1542035721204962,1.1373265231858172,1.1485434395536012,0.2979329901658053,0.6616536078673557
2005-08-01,-0.0009038206996014593,-0.0009038206996014593,-0.006114137092679091,1.1531603790404596,1.136298583931956,1.1415210875072732,0.27775636252043523,0.6777949099836518
2005-09-01,0.0010648889624584594,0.0010648889624584594,0.002129001768428023,1.1543883668000443,1.1375086157520422,1.1439513879212742,0.8684607085379906,0.2052314331696075
2005-10-01,-0.018157533019568364,-0.018550815740109843,-0.01969260190373995,1.133427521912467,1.1164069030184387,1.1214240086417095,0.5848461800207236,0.43212305598342116
2005-11-01,0.0278600999840286,0.011780271447348783,0.011776559524687277,1.165004925997598,1.1295584793816897,1.134630525231892,0.2863797441872385,0.6708962046502093
2005-12-01,0.0033861595996527976,0.008289925149181206,0.00537282399739373,1.1689498186114076,1.138922434627387,1.1407266953460335,0.06610495453215857,0.8471160363742731
2006-01-01,0.014163215851120656,0.014163215851120656,0.015743019969954038,1.1855059072115293,1.1550532389066985,1.1586851784911258,0.04695154198173838,0.8624387664146094
2006-02-01,0.0040776226067357,0.0040776226067357,0.00508122340499205,1.1903399528991936,1.1597631101056476,1.1645727167390922,0.21678859576362666,0.7265691233890987
2006-03-01,0.006426342894550087,0.006426342894550087,0.012901603976898315,1.1979894855976065,1.1672161455276364,1.1795975727327606,0.2001943015313813,0.739844558774895
2006-04-01,0.0069800559456785986,0.0069800559456785986,0.00876016850982432,1.2063515192294125,1.1753633795241185,1.1899310462436794,0.594260135004808,0.42459189199615366
2006-05-01,-0.018873789312483902,-0.019260024972678123,-0.023111100993164182,1.1835830948186816,1.1527258514825127,1.1624304296590402,0.5390958120180448,0.46872335038556423
2006-06-01,0.0009202823069482995,-0.0007662722935634062,0.0001384564993515686,1.1846723253996463,1.1518425496004474,1.1625913757070705,0.5865221893491095,0.43078224852071245
2006-07-01,0.00824013094372786,0.01200522441288399,0.009442176739078021,1.19443418048635,1.1656706778967094,1.1735687689518244,0.6381352212331268,0.3894918230134986
2006-08-01,0.019456401799307473,0.01709186232458776,0.018414579265818798,1.2176735718247191,1.1855941606391287,1.1951795440715771,0.6500055178547477,0.37999558571620184
2006-09-01,0.020242885494694832,0.013489659958662343,0.016678701573034544,1.242322798509083,1.2015874227151262,1.2151135870133425,0.5492000881817362,0.4606399294546111
2006-10-01,0.02164744501544031,0.01178563459407408,0.01615316449238478,1.2692159129812361,1.2157488930120819,1.2347415166613005,0.6418464607683481,0.3865228313853216
2006-11-01,0.01617648296575599,0.012470660333269951,0.01481092436543384,1.2897473625774436,1.2309100845073846,1.253029179875432,0.5081153501417319,0.49350771988661446
2006-12-01,0.005616475501552144,-0.0021323407123431323,0.0013824042424371253,1.2969911970425514,1.2282853648209557,1.2547613727295892,0.259279167327701,0.6925766661378392
2007-01-01,0.008739601800373491,0.0020488242723047745,0.006871721482497337,1.3083263836432932,1.2308019056897175,1.263383743409983,0.3276466402925179,0.6378826877659857
2007-02-01,-0.005277361596388438,-0.005277361596388438,-0.008636546728630155,1.3014218722307123,1.2243065189798688,1.252472470673831,0.24879598416596027,0.7009632126672318
2007-03-01,0.006169778086593719,0.006169778086593719,0.006625932599784802,1.309451356379415,1.2318602185119445,1.2607712688476018,0.44154452825208085,0.5467643773983353
2007-04-01,0.02892699768881096,0.02892699768881096,0.03265085773116578,1.3473298527390127,1.2674942362057775,1.301936532178286,0.11582011816360924,0.8073439054691126
2007-05-01,0.016672396867657643,0.016672396867657643,0.014138478565609444,1.3697930707555204,1.288626403139269,1.3203439339322725,0.2505428455415578,0.6995657235667537
2007-06-01,-0.010281934200886945,-0.010281934200886945,-0.012635480119223852,1.3557089485331812,1.2753768312526652,1.3036607544045333,0.46108515953222085,0.5311318723742233
2007-07-01,-0.01450409787794843,-0.01450409787794843,-0.018839203218785728,1.3360456132496454,1.2568786408609087,1.2791008245239508,0.6480909486097975,0.38152724111216196
2007-08-01,0.012817600699632389,0.01241760069963239,0.012665364908224166,1.3531705124367748,1.2724860579510162,1.2953011032209572,0.6521791567376809,0.37825667460985535
2007-09-01,0.02575255737387289,0.012800897870818811,0.018674056287361573,1.3880181136949357,1.2887750220208878,1.3194896289315867,0.683554928490551,0.35315605720755927
2007-10-01,0.012171255710002639,0.010776849171484866,0.011373017875558118,1.4049120370868322,1.302663956049184,1.3344962080680394,0.5665455217389264,0.44676358260885896
2007-11-01,-0.016039287005435478,0.0066724938857607155,-0.0021193551973817727,1.3823782497066055,1.311355973331123,1.331667936593584,0.4794015595787871,0.5164787523369704
2007-12-01,-0.006796867219235777,-0.0027291065575837116,-0.005155446754117026,1.3729824082965902,1.3077771431449785,1.3248025934523109,0.47609362806434985,0.5191250975485201
2008-01-01,-0.027045000502144232,-0.027045000502144232,-0.020066713089625942,1.3358500983747739,1.2724083096519299,1.298218159909111,0.5540572558894478,0.45675419528844186
2008-02-01,-0.01615191770541663,-0.016540090319492894,-0.014241622719372392,1.3142735575190518,1.2513625612870136,1.2797294266682475,0.7858055805968518,0.27135553552251857
2008-03-01,-0.0048488223742910765,-0.0007524848132577428,-0.003562541854418852,1.3079008784874144,1.2504209299637659,1.2751703370234104,0.8273868287643661,0.23809053698850713
2008-04-01,0.02989764607360095,0.012146333266647784,0.01527867063441281,1.3470040360517828,1.2656089593026976,1.2946532446055643,0.909471521256432,0.17242278299485436
2008-05-01,0.004002345927895393,-0.007102692454188062,-0.0061112552199248426,1.3523952121703333,1.2566197280975056,1.286741288206476,0.911582242324897,0.1707342061400824
2008-06-01,-0.05090623025224016,-0.018208443671998132,-0.015951508917322093,1.2835498701075632,1.2337386385613205,1.2662158230733638,0.8587854958222896,0.21297160334216836
2008-07-01,-0.0038185955597515955,0.0013527278242570734,0.0016890093143346993,1.2786485122728506,1.2354075511455636,1.2683544733924927,0.9111661671208036,0.17106706630335716
2008-08-01,0.012238041961148442,0.009024815761664563,0.00908707292885108,1.2942966664196058,1.2465568766852215,1.2798801029918447,0.9733536557380201,0.1213170754095839
2008-09-01,-0.0635630677003515,-0.03292591482128677,-0.030736239587005335,1.2120271997876373,1.2055128511435946,1.2405414015036464,0.9995063152614939,0.10039494779080488
2008-10-01,-0.10827409736175699,-0.05130889507134407,-0.04008733667536053,1.080796048752733,1.1436593187571111,1.1908114006818462,0.9995359097302677,0.10037127221578582
2008-11-01,-0.029692114875187994,0.01025618872074673,0.020208606719091297,1.0487049283165177,1.1553889045625245,1.2148760399548357,0.9998541020493847,0.10011671836049221
2008-12-01,0.03251451637467014,0.05524999409842118,0.06091565112116722,1.0828030618804623,1.2192241347209853,1.2888810049601898,0.9998243350622936,0.1001405319501651
2009-01-01,-0.057230172893473034,-0.03232495128118732,-0.026102789859975335,1.0208340554394615,1.1798127739652817,1.2552376149332,0.9999656578337105,0.10002747373303161
2009-02-01,-0.06871640691908212,-0.02994950961409356,-0.020266466554926116,0.9506860070890266,1.1444779599485781,1.229798383791671,0.9996178140645009,0.10030574874839929
2009-03-01,0.054381832675478275,0.025474833973996122,0.01825394197605759,1.0023860544534606,1.173633345965166,1.2522470521316538,0.9983131308490815,0.10134949532073484
2009-04-01,0.06164761689128311,0.02397704414293572,0.014593939898287467,1.0641807659155724,1.2017736045089942,1.2705222703482708,0.9828756801266421,0.11369945589868635
2009-05-01,0.0378995650987839,0.0173606231808194,0.01229459135286768,1.1045127541302633,1.2226371432055299,1.2861428224669205,0.9635931220406735,0.12912550236746123
2009-06-01,0.001288566607628268,0.0032336992542964997,0.0036381413235691213,1.105935992382935,1.2265907840237888,1.2908219918173491,0.6877028855393288,0.34983769156853695
2009-07-01,0.049825511668630584,0.025064456202709456,0.020472115174752836,1.1610398190761695,1.2573346150086,1.3172478483039378,0.43710598450340654,0.5503152123972748
2009-08-01,0.02703862193865228,0.016753278280672995,0.02066103686183349,1.1924327357998912,1.278399091705762,1.3444635546539163,0.27380501891698006,0.680955984866416
2009-09-01,0.026021662331775986,0.026021662331775986,0.024730884655766523,1.2234618178042318,1.3116651611953782,1.3777133277479443,0.35640318620344796,0.6148774510372416
2009-10-01,-0.010653007343854114,-0.010653007343854114,-0.012445193842946234,1.2104282700742381,1.2976919826004862,1.3605674183241108,0.41243511684591927,0.5700519065232647
2009-11-01,0.0420978401453533,0.0420978401453533,0.04277836909839645,1.26138468589524,1.3523220122419082,1.418770273528432,0.40876531286842477,0.5729877497052602
2009-12-01,0.0039265142796631285,0.0039265142796631285,0.0027938083828963345,1.266337530876556,1.357631923933679,1.4227340458120197,0.27913400665511295,0.6766927946759097
2010-01-01,-0.0161579208696797,-0.0161579208696797,-0.014897955478414153,1.2458761492583472,1.3356954147366076,1.4015382173398883,0.1253064817770325,0.799754814578374
2010-02-01,0.019503291360563113,0.019503291360563113,0.021633598862857522,1.2701748347965092,1.3617458715791837,1.431858532924784,0.24271957866979726,0.7058243370641621
2010-03-01,0.03648717651178389,0.03648717651178389,0.04857231402384222,1.3165199281945552,1.4114321335596862,1.5014072152237248,0.1074559292247247,0.8140352566202202
2010-04-01,0.013173570329479968,0.013173570329479968,0.013675149313276545,1.3338631960587881,1.4300257340364226,1.52193918307194,0.1192698777562232,0.8045840977950215
2010-05-01,-0.04336542090499018,-0.04336542090499018,-0.06267090136872683,1.2760196571320233,1.3680120661749655,1.426557882640438,0.08855199413338473,0.8291584046932922
2010-06-01,-0.023986998007280103,-0.023986998007280103,-0.03820965968668879,1.2454117761591472,1.3351975634696915,1.3720495914213835,0.3243530631541799,0.6405175494766561
2010-07-01,0.04438535862950723,0.04438535862950723,0.057895508989658076,1.3006898244853826,1.3944607861655383,1.4514851008757768,0.4717486045957282,0.5226011163234174
2010-08-01,-0.021855163724260007,-0.021855163724260007,-0.024289126736563,1.2722630354167757,1.3639846173768302,1.416229795304372,0.36945690310922563,0.6044344775126195
2010-09-01,0.053741794783994226,0.053741794783994226,0.04677592206372143,1.3406367343774055,1.4372875987724207,1.4824752498338496,0.1785428717604894,0.7571657025916084
2010-10-01,0.023521409283922136,0.023521409283922136,0.023548501150031428,1.3721703997077574,1.4710946286418527,1.5173853199594551,0.29132892723162496,0.6669368582147001
2010-11-01,-0.0033415494751059915,-0.0033415494751059915,-0.002119153570177771,1.367585224428858,1.4661788931576833,1.5141697474413276,0.34768750024597833,0.6218499998032174
2010-12-01,0.03739307177976979,0.03739307177976979,0.04227635051735586,1.4187234368908788,1.521003825751512,1.5781833184269332,0.2843619204498805,0.6725104636400956
2011-01-01,0.013633639827283077,0.013633639827283077,0.014122020059192065,1.4380658012439742,1.5417406440877277,1.6004704549068405,0.053440598267432214,0.8572475213860543
2011-02-01,0.02199698228899254,0.02199698228899254,0.024134651522569373,1.4696989092043438,1.5756542857299454,1.639097251608185,0.14598612629206328,0.7832110989663493
2011-03-01,-0.0008207534639185373,-0.0008207534639185373,-0.0002896724503916271,1.4684926487336971,1.5743610620169946,1.6386224502908815,0.07889432522593222,0.8368845398192543
2011-04-01,0.023643955490747527,0.023643955490747527,0.026029688728443214,1.5032136235588465,1.6115851848936904,1.681275282615392,0.46262875505380785,0.5298969959569537
2011-05-01,-0.001775096247700519,-0.001775096247700519,-0.007666579192752402,1.5005452746961747,1.6087244660791358,1.668385652516404,0.30337914266695865,0.6572966858664331
2011-06-01,-0.011905691638447081,-0.011905691638447081,-0.011162659868616824,1.4826802453661132,1.589571488654772,1.649762030947683,0.5214691522631131,0.4828246781895096
2011-07-01,-0.005265237192790318,-0.005647445829582461,-0.007535004634290637,1.474873582193196,1.5805944697803456,1.6373310663990155,0.24540725963222082,0.7036741922942235
2011-08-01,-0.026920594656629614,0.0007577553609306217,-0.018918553883329317,1.4351691083172016,1.581792173713279,1.6063551303944967,0.20813126945886176,0.7334949844329106
2011-09-01,-0.03858930530856891,-0.03858930530856891,-0.046612823065282874,1.3797869294269225,1.5207519125871525,1.5314783829214087,0.30633926806726397,0.6549285855461888
2011-10-01,0.0659699824139387,0.0659699824139387,0.08029793121003875,1.470811448896199,1.6210758895164905,1.6544529287628933,0.36763200905524346,0.6058943927558053
2011-11-01,-0.003761530335023491,-0.003761530335023491,-0.0038517220335107074,1.4652789470140761,1.6149781633826992,1.6480804359637709,0.28309458832378054,0.6735243293409756
2011-12-01,0.011694874522247092,0.011694874522247092,0.01160886773246257,1.4824152004394962,1.633865130359629,1.6672127837573336,0.18248097857263668,0.7540152171418907
2012-01-01,0.030718245411296984,0.030718245411296984,0.03353134699928798,1.5279523943680338,1.684054600402977,1.7231166741311497,0.10466278141296685,0.8162697748696266
2012-02-01,0.025978959459805676,0.025978959459805676,0.03264066577251018,1.567647007677834,1.7278045865949452,1.779360349578504,0.10810474223843501,0.813516206209252
2012-03-01,0.016997539164860947,0.016997539164860947,0.025193168177241973,1.594293149087515,1.757173012724819,1.8241880741133512,0.24254978905627322,0.7059601687549815
2012-04-01,-0.0003855329926975664,-0.0003855329926975664,-0.003846556289501924,1.59367849647851,1.7564955645545357,1.817171232003636,0.3598774046693024,0.612098076264558
2012-05-01,-0.031738071061979956,-0.031738071061979956,-0.039305009272091275,1.5430982151073258,1.7007477835066513,1.7457472998807555,0.587339576638964,0.4301283386888288
2012-06-01,0.024260005513894907,0.023860005513894906,0.024571480068364,1.5805337863143107,1.7413276349988644,1.788642894864176,0.6143171428914338,0.40854628568685303
2012-07-01,0.012546028330186573,0.013263023446251904,0.012829737431767355,1.6003632079742272,1.7644229042494606,1.8115907135644798,0.7245973106002819,0.3203221515197745
2012-08-01,0.015025460283061513,0.005006472880622552,0.0101408103507269,1.6244094017941169,1.7732564396695347,1.8299617114238753,0.7435982965576087,0.3051213627539131
2012-09-01,0.016271555823528128,0.007199269186960325,0.009912301824151813,1.650841070055674,1.7860225901162263,1.8481008442341502,0.36143584672855966,0.6108513226171522
2012-10-01,-0.011111640191843577,-0.004419946875092101,-0.006189948698560994,1.632497518071297,1.7781284651501983,1.8366611948185734,0.18738858806117822,0.7500891295510574
2012-11-01,0.004477364316813051,0.004477364316813051,0.004371577269513036,1.6398068042059952,1.7860897940907712,1.8446903011496387,0.07614699669802798,0.8390824026415776
2012-12-01,0.004377223302380781,0.004377223302380781,0.006002114912872075,1.6469846047607684,1.79390790795761,1.8557623443157996,0.030919699320788915,0.8752642405433689
2013-01-01,0.02821590441102222,0.02821590441102222,0.041924494548598326,1.6934557649351234,1.8445246420107186,1.9335642426035615,0.560274596781631,0.45178032257469514
2013-02-01,0.010017301317546,0.009617301317546,0.011480081374082319,1.7104196216004137,1.8622639912805745,1.9557617174506663,0.46007898137519976,0.5319368148998402
2013-03-01,0.023167816935460273,0.00798795037051333,0.017623280297594694,1.7500463102764714,1.877139663619718,1.9902286543926044,0.921413833819382,0.1628689329444944
2013-04-01,0.015399267892084364,0.014999267892084365,0.014381727059862561,1.7769957422319727,1.9052953843052072,2.0188515796867965,0.5160170486345831,0.4871863610923336
2013-05-01,0.006151301108868238,-0.011293717906736245,-0.013224642181092153,1.7879265781116185,1.8837775157058574,1.9921529899287058,0.5460703628492062,0.4631437097206351
2013-06-01,-0.014268990333666319,-0.015192672459507705,-0.01455361880834552,1.7624146710512387,1.8551579009231531,1.9631599547053777,0.4727606265824889,0.521791498734009
2013-07-01,0.032071371688197264,0.012095986861953732,0.025331911378258083,1.818937727035255,1.8775978665195692,2.01289054869932,0.4673797978721244,0.5260961617023006
2013-08-01,-0.021306225837113106,-0.021306225837113106,-0.01961136873826769,1.7801830290393967,1.8375933423442217,1.9734150099190033,0.581653626598035,0.434677098721572
2013-09-01,0.02346565489598069,0.02306565489598069,0.021863457630450302,1.8219561896505168,1.8799786362178852,2.016560685375662,0.46628998752639644,0.5269680099788829
2013-10-01,0.03110535881575089,0.015528109487673983,0.024752021723785413,1.8786287906761743,1.9091711503155646,2.066474639267412,0.3621587072097724,0.610273034232182
2013-11-01,0.01677261072304919,0.01677261072304919,0.014357182135033928,1.9101383000752985,1.9411929348234838,2.0961433920408026,0.2218649981488326,0.722508001480934
2013-12-01,0.013321515377326235,0.013321515377326235,0.013547664975411164,1.9355842368125715,1.967052566355092,2.124541240456593,0.31538411112670944,0.6476927110986324
2014-01-01,-0.014997738611680973,-0.014997738611680973,-0.02125575680413488,1.9065548503679666,1.937551226129462,2.079382508529093,0.5268850335374773,0.47849197317001824
2014-02-01,0.028805470343055795,0.028405470343055794,0.030628008528857754,1.9614740595676503,1.992588280021434,2.1430698537350796,0.49980700100853315,0.5001543991931735
2014-03-01,0.004382355543659871,7.57575561101914e-05,0.0031775688497743503,1.9700699362863419,1.9927392336398622,2.1498796057451988,0.2503658287230728,0.6997073370215418
2014-04-01,0.007457487335649416,0.007457487335649416,0.007384298098956336,1.984761707886541,2.007600061237983,2.1657549576308877,0.0663886359805496,0.8468890912155603
2014-05-01,0.018637367776708772,0.018637367776708772,0.019633515141875568,2.021752441785551,2.0450164419278187,2.208276340385126,0.19329243698673637,0.7453660504106109
2014-06-01,0.012151689072102853,0.012151689072102853,0.01729139320897346,2.046320148838894,2.069866845877464,2.2464605149007983,0.37959309625976767,0.5963255229921859
2014-07-01,-0.00906842555789399,-0.00906842555789399,-0.010801357148068437,2.0277632469015296,2.051096412470871,2.2221956925603212,0.12116828581583672,0.8030653713473307
2014-08-01,0.028269734102614852,0.028269734102614852,0.027973303085661948,2.085087574714491,2.10908036267025,2.2843578461839633,0.33150421522550094,0.6347966278195992
2014-09-01,-0.010739086634555394,-0.010739086634555394,-0.012457343158146198,2.062695638608997,2.086430765936295,2.255900816598046,0.30660949276838473,0.6547124057852922
2014-10-01,0.018383915720699605,0.018383915720699605,0.018819228065217863,2.1006160613866394,2.1247875332943424,2.298355128558116,0.7429484420177708,0.3056412463857834
2014-11-01,0.019106409970791837,0.018706409970791836,0.019901220612193887,2.1407512930467223,2.164534679992974,2.344095201016718,0.41002671622197995,0.5719786270224161
2014-12-01,-0.0009324576081823739,0.0002734236031643848,-1.7156695312770572e-05,2.1387551332162946,2.165126514864352,2.34405498408957,0.46346130906481037,0.5292309527481518
2015-01-01,-0.009580448235731653,-0.009580448235731653,-0.008193332887602657,2.1182649003736107,2.144383632364884,2.32484936129808,0.6230851224082522,0.4015319020733983
2015-02-01,0.03012804676647585,0.02972804676647585,0.025388848180578193,2.1820840843558513,2.2081319692730923,2.383874608774791,0.8466423487667597,0.22268612098659224
2015-03-01,-0.00792889264602377,-0.00014606317844218842,-0.004237520708659832,2.164782573906397,2.2078094424992405,2.37377289075326,0.7519867748832825,0.29841058009337407
2015-04-01,0.004606109752737892,-0.0006174438016921487,-0.00039250172630967995,2.174753800032624,2.206446244243652,2.372841180795772,0.5755877249598309,0.43952982003213525
2015-05-01,0.0059599471299604636,-0.0009307346267837084,0.0006301324947297058,2.1877152177014993,2.2043926283219974,2.374336385128624,0.434964473688662,0.5520284210490705
2015-06-01,-0.01649627220430243,-0.013077346105511823,-0.015077083152554132,2.1516260719648006,2.175565022968992,2.338538318017905,0.48636407437962437,0.5109087404963005
2015-07-01,0.01699857572193116,0.01699857572193116,0.016287294775476874,2.1882006506743754,2.2125465297499147,2.376626780947211,0.49599009493604496,0.5032079240511641
2015-08-01,-0.03792758546269932,-0.03792758546269932,-0.03278948725660861,2.1052074834863888,2.128629982152626,2.2986984073996277,0.4772430395151621,0.5182055683878704
2015-09-01,-0.012072403266201397,-0.012072403266201397,-0.008832530395682199,2.079792569786716,2.1029323026035525,2.2783950838457643,0.6127334195581751,0.40981326435346
2015-10-01,0.05129117370255259,0.05089117370255259,0.04428049045788554,2.1864675717489246,2.2099529957000588,2.37928353561529,0.7921404112129703,0.2662876710296238
2015-11-01,0.0006351076428644069,-0.0023826336500295466,-0.0009435556639712484,2.187856214014617,2.2046874873275204,2.377038549159067,0.7630545206545176,0.2895563834763859
2015-12-01,-0.01114027093226201,-0.004992928969919477,-0.0060352710095973655,2.1634829030296614,2.193679639302424,2.362692477314632,0.7979300873007177,0.2616559301594259
2016-01-01,-0.024924638694764998,-4.20263938404002e-05,-0.0056169022496178,2.1095588733493456,2.1935874468579426,2.3494214646236484,0.6809127387366118,0.3552698090107106
2016-02-01,0.0030504044344185407,0.006929834678429391,0.006238045483281725,2.1159938810912777,2.2087886452173464,2.3640772625793693,0.6614531094392431,0.3708375124486055
2016-03-01,0.04384498251417039,0.020441697652024853,0.02953454466810811,2.2087695958078166,2.2539400348801046,2.4338992080898785,0.7302445254430442,0.3158043796455646
2016-04-01,0.003384119814371054,0.002827541298643987,0.003010165054734363,2.2162443367623705,2.2603131434133954,2.441225646432816,0.6226959919969605,0.40184320640243165
2016-05-01,0.01025702847803066,0.003507798792200177,0.005382435018383262,2.238976418038816,2.268241867127855,2.454365384839951,0.6762810147187606,0.3589751882249915
2016-06-01,0.009822506954317571,0.016174416797905225,0.012933233893553183,2.2609687794755557,2.3049293564852396,2.486108266422327,0.4289889678616489,0.5568088257106808
2016-07-01,0.02405320354489519,0.011254606140819988,0.01639140221996951,2.3153523217369347,2.3308704285748947,2.5268590669796467,0.48201742230674444,0.5143860621546045
2016-08-01,-0.00014393157493308942,-0.00014393157493308942,-0.00033114814352830997,2.315019069430742,2.330534942723145,2.5260223022906585,0.4586632384300621,0.5330694092559503
2016-09-01,0.00024116788584328087,0.00024116788584328087,0.00026171802681103845,2.3155773776854036,2.3310969929081655,2.5266834078632945,0.5549784569718121,0.45601723442255027
2016-10-01,-0.01367314265008411,-0.014068682248427049,-0.013132203014020242,2.283916157883003,2.2983015300246765,2.493502488399077,0.3883113064821868,0.5893509548142506
2016-11-01,0.011826470997081031,-0.013546100761912018,0.002725386178995777,2.3109268260839713,2.267168505917706,2.5002982456182514,0.5656872538880164,0.44745019688958687
2016-12-01,0.013175190061905907,0.012775190061905908,0.012844444410830111,2.3413737262367844,2.296132014483172,2.5324131874445914,0.2456186166998666,0.7035051066401067
2017-01-01,0.011584539247030198,0.004884310739890625,0.00893095732853535,2.36849746206034,2.307347036741719,2.5550300615598793,0.4746003163838592,0.5203197468929126
2017-02-01,0.026150706414100004,0.026150706414100004,0.02936695284671558,2.4304353438332207,2.367685791694995,2.630063508899649,0.24181479993757896,0.7065481600499369
2017-03-01,0.0005284617742207314,0.0005284617742207314,0.00019948206582657115,2.4317197360071514,2.3689370231292717,2.6305881594016594,0.498427090462936,0.5012583276296513
2017-04-01,0.009583350800267064,0.009583350800267064,0.009469291802528984,2.4550237592852406,2.3916393776456597,2.6554979662953113,0.3682274616448648,0.6054180306841082
2017-05-01,0.011214485158763044,0.011214485158763044,0.010398715170335249,2.4825555867981555,2.41846038195138,2.683111733282221,0.37142253196664554,0.6028619744266835
2017-06-01,0.003750341082106676,0.003750341082106676,0.0037833199170311752,2.491866017003938,2.42753043327726,2.6932628033423676,0.2452810316387142,0.7037751746890287
2017-07-01,0.01366450823946166,0.01366450823946166,0.013621002896394799,2.5259161407249233,2.460701442884321,2.7299477437874464,0.5115267718296329,0.4907785825362937
2017-08-01,0.005514306672780135,0.005117407401873863,0.004630138094231458,2.5398448169546057,2.473293854661939,2.742587778831218,0.5684564614323634,0.4452348308541093
2017-09-01,0.009797062934717642,-0.000547083721141442,0.006926193417395189,2.5647278364707264,2.4719407558564543,2.7615834722515875,0.5133631100965651,0.48930951192274796
2017-10-01,0.014524410523124497,0.005491979897137651,0.010995755630377543,2.6019789964477122,2.485516604794533,2.7919491692653553,0.1759407374056078,0.7592474100755138
2017-11-01,0.017739052649553028,0.004532299369543298,0.013937100804313863,2.6481356388587294,2.496781710135433,2.830860846277927,0.07933622177434695,0.8365310225805225
2017-12-01,0.009175521896184733,0.009175521896184733,0.010276090966485822,2.6724336653971448,2.519690985386774,2.8599510298477417,0.13318670719663037,0.7934506342426957
2018-01-01,0.029299771250994564,0.029299771250994564,0.04525536068065823,2.750735360476738,2.5935173548818,2.9893791452325216,0.3473334491973091,0.6221332406421528
2018-02-01,-0.025857771788946445,-0.025857771788946445,-0.031100779456341824,2.679607473273745,2.5264547749885944,2.896407123725257,0.41298947713061923,0.5696084182955046
2018-03-01,-0.01377003898323024,-0.01377003898323024,-0.014561356603611355,2.6427091739070105,2.491665394247633,2.8542315067274533,0.37578941991285647,0.5993684640697149
2018-04-01,-0.000666555532052385,-0.000666555532052385,-0.0011323076937903944,2.6409476614875373,2.490004560895074,2.850999638432527,0.22433759020015848,0.7205299278398732
2018-05-01,0.017228378467668087,0.017228378467668087,0.017104394589572566,2.6864469073129476,2.532903301856394,2.8997642612230057,0.24726051379008898,0.7021915889679289
2018-06-01,0.00386008989368269,0.00386008989368269,0.004411372294868466,2.6968168338697813,2.5426805362935654,2.9125562009466144,0.34118560762179817,0.6270515139025614
2018-07-01,0.022102364257954737,0.022102364257954737,0.025844099821696727,2.7564228618689555,2.5988797876983374,2.98782859414018,0.38585931777361326,0.5913125457811094
2018-08-01,0.02141776374119398,0.02141776374119398,0.022091998517861,2.8154592754952907,2.654541980983025,3.0538356990135473,0.25351840191244374,0.6971852784700451
2018-09-01,0.0010853263708326408,0.0010853263708326408,0.0008798035010444137,2.818514967692991,2.657423025397468,3.056522474353154,0.30979090291833045,0.6521672776653357
2018-10-01,-0.04405451534472235,-0.04405451534472235,-0.050159859155085196,2.6943466567994303,2.5403515419476768,2.903207737535247,0.3814411320913508,0.5948470943269194
2018-11-01,0.014213258655458706,0.014213258655458706,0.014721248460581532,2.732642102739991,2.5764582154891724,2.945946579972186,0.6121877998135634,0.41024976014914927
2018-12-01,-0.04493151909539288,-0.04527731196436216,-0.04450601727944549,2.6098603419198545,2.4598031131033253,2.8148342305796206,0.6201834618742132,0.4038532305006294
2019-01-01,0.0516669294031552,0.023289191741021974,0.038196065181656545,2.7447038119579217,2.517089939449552,2.922349822326398,0.6533139937431398,0.3773488050054882
2019-02-01,0.01898638496987028,0.005567492353510592,0.01237836575968393,2.7968158151600253,2.5311038184405352,2.9585237373049016,0.7495977866606433,0.3003217706714854
2019-03-01,0.019349716784555215,0.020600074636503884,0.01996999276609663,2.850933409081937,2.58324474601315,3.0176054349372055,0.5084162068710054,0.49326703450319564
2019-04-01,0.02370031706106603,0.006560983664867979,0.010683191281338371,2.9185014347971654,2.600193372594098,3.0498430910102456,0.5639126368984526,0.44886989048123793
2019-05-01,-0.03063995716287037,0.002519441930750399,-0.02179660063393263,2.8290786758552047,2.606744408805071,2.9833668791593366,0.4119894172270708,0.5704084662183434
2019-06-01,0.04613245530564214,0.02231476676939501,0.037181998492038806,2.9595910214252403,2.664913302314981,3.0942944219614374,0.6741411359759144,0.36068709121926845
2019-07-01,0.009795840476964345,0.009395840476964346,0.009192451119828625,2.9885827029481775,2.6899524025884727,3.1227385721856766,0.5905362727441703,0.4275709818046638
2019-08-01,0.0010746744030365228,0.018906728282659754,0.011674713789472949,2.9917944562803935,2.740810601757501,3.1591956512552923,0.3701563523594144,0.6038749181124684
2019-09-01,0.00921993155345554,-0.0014014012924822216,0.0046454168354141895,3.0193785963893065,2.736969626237749,3.173871431920001,0.47181798978263917,0.5225456081738887
2019-10-01,0.014090773200856057,0.014090773200856057,0.014087050143773601,3.0619239753985474,2.775535644498697,3.2185819179313486,0.5772378017218049,0.43820975862255607
2019-11-01,0.02157195155077167,0.02117195155077167,0.018656763260137897,3.1279756510479912,2.834299150691463,3.2786302388075548,0.7020673578815366,0.33834611369477074
2019-12-01,0.017239372539590354,0.0054326494617539115,0.012362847300223958,3.181899988591175,2.8496969044469163,3.3191634438038293,0.4925895862708363,0.505928330983331
2020-01-01,0.007868832762041084,0.01574800333222508,0.013116207252254505,3.20693782746694,2.8945739407939777,3.3626982794368674,0.35279104208763123,0.617767166329895
2020-02-01,-0.041184654662255946,-0.041184654662255946,-0.03235926612350673,3.0748612005193885,2.7753619126480125,3.2538838309195115,0.4056967327540804,0.5754426137967358
2020-03-01,-0.0770609244046919,-0.0770609244046919,-0.07916649438384915,2.837909553991244,2.5614899581017827,2.9962852548933245,0.9994592630212162,0.10043258958302702
2020-04-01,0.08304188341924554,0.08264188341924554,0.07987013793635739,3.0735749083281476,2.7731763125987983,3.235598971498328,0.9999999999256914,0.10000000005944686
2020-05-01,0.03126805047356544,0.014903292090788941,0.010831396976952531,3.169679603696036,2.8145057692047155,3.2706450284168453,0.9999999766295972,0.10000001869632227
2020-06-01,0.013274309238766296,0.008817706883754469,0.007704110443689725,3.211754910943308,2.8393232561001986,3.295842438937873,0.9886506240225154,0.10907950078198772
2020-07-01,0.04065766696560286,0.02243720489111774,0.01788332419434316,3.3423373724875804,2.903029733749434,3.354783057766874,8.929214631810027e-07,0.8999992856628295
2020-08-01,0.03856558489682157,0.006982926087940566,-0.0005075794926310473,3.47123656818007,2.9233013758113002,3.3530802386845253,0.0002107194225794839,0.8998314244619364
2020-09-01,-0.022864472940679958,-0.022864472940679958,-0.033799860427051624,3.3918685735962177,2.8564616306066104,3.2397465946162836,0.01967193548026117,0.8842624516157911
2020-10-01,-0.017198178993198195,-0.017198178993198195,-0.023008987309972775,3.333534610746106,2.807335692196235,3.16520330633323,0.11056240946910373,0.811550072424717
2020-11-01,0.07007154222043804,0.07007154222043804,0.09750216576412582,3.5671205219662934,3.004050033678906,3.4738174837844915,0.1906026750836639,0.7475178599330689
2020-12-01,0.022563453717280073,0.022563453717280073,0.03015887469995615,3.64760708076764,3.071831777578214,3.578583910008465,0.20667847405585243,0.734657220755318
2021-01-01,-0.009093210857508745,-0.009093210857508745,-0.009509848084620449,3.614438620456878,3.0438989635058995,3.544552120666218,0.18060847778327704,0.7555132177733784
2021-02-01,0.010600741358890432,0.010600741358890432,0.016386898930849426,3.652754349429926,3.0761665491406203,3.6026363380227027,0.5510963095309089,0.4591229523752729
2021-03-01,0.02264077535658811,0.02224077535658811,0.031190397323321878,3.735455540088169,3.1445828783195076,3.715003996817068,0.07567839368544214,0.8394572850516463
2021-04-01,0.034663902284128335,0.016045627725083944,0.027882559428512112,3.8649410059164913,3.1950396845356956,3.81858781653548,0.16674228864685103,0.7666061690825192
2021-05-01,0.004753670234844744,0.004753670234844744,0.005765595178506502,3.8833136609357473,3.210227849583221,3.8406042480392006,0.018003589513283392,0.8855971283893733
2021-06-01,0.016764867257600048,0.016764867257600048,0.019008887410576315,3.9484168989809594,3.264046893348134,3.9136098617787587,0.23976735374738492,0.7081861170020921
2021-07-01,0.01911065996668302,0.01911065996668302,0.022718209424958575,4.023873751744089,3.3264249836422186,4.002520070226232,0.27097495268615973,0.6832200378510722
2021-08-01,0.017046981524765373,0.017046981524765373,0.020459426196399302,4.092468653248059,3.3831304888818856,4.084409334202632,0.37853738834699546,0.5971700893224037
2021-09-01,-0.03164144848527766,-0.03164144848527766,-0.03482502413483025,3.9629770171786975,3.2760833397989573,3.942169680562499,0.6049805529709921,0.4160155576232064
2021-10-01,0.04204710127183966,0.041647101271839654,0.041667101980985284,4.1296087131579835,3.412522714426551,4.106428466668845,0.3713835938693307,0.6028931249045355
2021-11-01,-0.0037401936146762914,0.00015795218844485292,-0.0019505180796549045,4.114163177017919,3.4130617298574126,4.098418803701798,0.24452568272347128,0.704379453821223
2021-12-01,0.02630216921730663,0.02630216921730663,0.02636813883928946,4.222374593087456,3.5028326570252357,4.206486479739362,0.21545533076736995,0.7276357353861042
2022-01-01,-0.03964734801796416,-0.03964734801796416,-0.04308850996189173,4.054968638133108,3.363954631623466,4.025235245152549,0.4295392031874256,0.5563686374500595
2022-02-01,-0.022297306911571283,-0.022297306911571283,-0.02476560856340188,3.9645537578918577,3.288947502765556,3.925547844695492,0.517434487581654,0.4860524099346768
2022-03-01,0.011289832486958262,0.01088983248695826,0.008351924635756304,4.0093129057039985,3.3247635901290726,3.958333724448445,0.37164481966040264,0.6026841442716779
2022-04-01,-0.06789760144482886,-0.04840907548374406,-0.062350317780506516,3.7370901759649,3.1638148585289105,3.7115303588477886,0.26363906385044533,0.6890887489196438
2022-05-01,0.00439515635497773,0.00439515635497773,0.004294399236568994,3.753515271600917,3.177720319510347,3.727469151987327,0.4371838309563024,0.5502529352349581
2022-06-01,-0.055705270804289386,-0.055705270804289386,-0.06177456839581104,3.544424686928352,3.00070454857173,3.49720635391461,0.5377274851944011,0.46981801184447913
2022-07-01,0.06539005185063514,0.06499005185063514,0.06199064302921429,3.7761948009872683,3.195720492771844,3.7140004245996305,0.6771253279147446,0.35829973766820433
2022-08-01,-0.03665318797898376,-0.03250067622426911,-0.03540826790974259,3.637785223101421,3.0918574157330045,3.582494102548509,0.4800568980315085,0.5159544815747932
2022-09-01,-0.07206073224781304,-0.052057788586452325,-0.059891946201335956,3.3756437561644583,2.930902156045321,3.3679315584920704,0.48022530819267384,0.515819753445861
2022-10-01,0.04362995863592292,0.04362995863592292,0.035723415798002006,3.5229229536155255,3.0587772958795156,3.488245577935295,0.42083680026604714,0.5633305597871623
2022-11-01,0.048584419899431575,0.048584419899431575,0.047071300476278694,3.694082121667328,3.2073862164013742,3.6524418336693376,0.6628398222561664,0.3697281421950669
2022-12-01,-0.03807079466637279,-0.03844638197381598,-0.0364456827973414,3.5534454797326127,3.0840738207880545,3.519326097163685,0.7891054345811528,0.26871565233507777
2023-01-01,0.0510465003668095,0.03921461042282966,0.04413299627878371,3.734836435717221,3.205014574185506,3.6746445027136363,0.5554716297412551,0.4556226962069959
2023-02-01,-0.02574850108114729,-0.026353906624714405,-0.026436235983591166,3.6386699957142477,3.1205499193665727,3.5775007334840927,0.4514095107647949,0.5388723913881641
2023-03-01,0.03280912072544278,0.028146954717658296,0.03119102116929809,3.758051558883683,3.208383896641176,3.6890866345953746,0.303227940843159,0.6574176473254727
2023-04-01,0.011884443773281472,0.011884443773281472,0.01114611528397993,3.802713911332329,3.24651375466391,3.7302056195171645,0.5432822652230531,0.4653741878215575
2023-05-01,-0.0018112699306797727,-0.002211269930679773,-0.001081010939860864,3.795826169969755,3.239334836418683,3.7261732264345357,0.3761583626862402,0.5990733098510079
2023-06-01,0.03739104345970667,0.009624957023771608,0.028070321199797545,3.937756071256586,3.2705132950048195,3.830768105746639,0.4407968785901578,0.5473624971278738
2023-07-01,0.01957087922206642,0.01957087922206642,0.019488686084697258,4.014821419733107,3.334520115695521,3.9054247428228055,0.41957384248636787,0.5643409260109057
2023-08-01,-0.012278786726613717,-0.012278786726613717,-0.011772674044476709,3.965524283774764,3.2935762543592926,3.859447450320318,0.5604469738691982,0.45164242090464146
2023-09-01,-0.038824660353951004,-0.03921390449597552,-0.03815844476018644,3.8115641503318636,3.1644222696706343,3.7121769379824276,0.38645410842554584,0.5908367132595633
2023-10-01,-0.01930907943338592,-0.017307634218654725,-0.01855782024075256,3.7379663553876594,3.1096536065138096,3.6432870256654826,0.5784529711177796,0.4372376231057763
2023-11-01,0.07316766661289109,0.0727676666128911,0.07259784202404446,4.011464631488868,3.3359358434341813,3.9077818016029964,0.37767108504831515,0.5978631319613479
2023-12-01,0.042181914385274126,0.03831369988606732,0.04061274505262767,4.180675889133886,3.4637478881786934,4.066487547632797,0.4695042768901307,0.5243965784878954
2024-01-01,0.008947198765316824,0.008947198765316824,0.008836462411473315,4.218081227287335,3.494738729007175,4.102420911994179,0.6806339701522158,0.35549282387822734
2024-02-01,0.025398024933108655,0.024998024933108653,0.020168072004310856,4.325212159467857,3.5821002948895964,4.185158832339269,0.662845607966353,0.3697235136269177
2024-03-01,0.023225659407968308,0.013756829404273578,0.01743321122380609,4.4256680639508605,3.6313786375553905,4.258119590268617,0.7388486015139244,0.3089211187888605
2024-04-01,-0.03410862060954634,-0.02789251230989249,-0.030584019248458164,4.274714631013775,3.530090364205496,4.127889178757605,0.3983669516185526,0.581306438705158
2024-05-01,0.03701824876550314,0.02307776830796286,0.026897816913734624,4.432957080626179,3.6115569717368023,4.238920386128013,0.5457724663797964,0.4633820268961629
2024-06-01,0.024703831735410044,0.024303831735410043,0.024091838442107674,4.542468106436262,3.6993316446807407,4.3410437712395655,0.5260795537266064,0.47913635701871493
2024-07-01,0.01693922861536616,0.021773096822720456,0.018574031683601517,4.619414012169195,3.7798775507597284,4.42167445578647,0.5554598403902615,0.4556321276877908
2024-08-01,0.01986315580410672,0.016363391448806015,0.018781875617023335,4.711170152416586,3.8417291667513638,4.504721795434021,0.5429962342894059,0.46560301256847525
2024-09-01,0.01793220941558685,0.014862279335177603,0.01681770624983651,4.795651842182183,3.8988260187577217,4.580480883326866,0.5470729269544776,0.46234165843641795
2024-10-01,-0.01543300893451178,-0.021937190882432303,-0.017622219327074903,4.721640504454977,3.81329672816684,4.499762644577407,0.5410235102609519,0.4671811917912385
2024-11-01,0.04021274818683304,0.020806868724260682,0.033537424058522815,4.911510645089376,3.89263949259646,4.6506730925513,0.6303079416065437,0.3957536467147651
2024-12-01,-0.02121139142535344,-0.018360264916278585,-0.020332747449376142,4.807330670306595,3.8211696002888207,4.5561121310908455,0.36712046564110024,0.6063036274871199
2025-01-01,0.01817265474889088,0.009102565822718723,0.013540884583983873,4.894692630841832,3.855952048095221,4.617805919609636,0.4855505069091149,0.5115595944727082
2025-02-01,0.001324207621498263,0.001324207621498263,0.0010251708614361847,4.9011742201284845,3.861058129185441,4.622539959682188,0.33960175528727,0.628318595770184
2025-03-01,-0.03355031566068325,-0.03355031566068325,-0.028762983354376576,4.736738277935171,3.7315184101670225,4.489581919766908,0.4504869772086977,0.5396104182330419
2025-04-01,-0.003481013987124437,-0.003481013987124437,-0.003931144591358162,4.720249625736331,3.718528942388019,4.4719327240855575,0.41958728210107765,0.5643301743191379
2025-05-01,0.035263452604796415,0.035263452604796415,0.031109643893776615,4.886701924696292,3.849657111507482,4.611052958648785,0.49080301588053654,0.5073575872955708
2025-06-01,0.036644539926730335,0.036644539926730335,0.03527352882549243,5.065772868485856,3.9907260252343395,4.7737010681015555,0.6414567031696419,0.3868346374642865
2025-07-01,0.01275710409712466,0.01235710409712466,0.010258109847942473,5.130397460301519,4.040039842151264,4.822670218039381,0.49361253985759296,0.5051099681139256
2025-08-01,0.017071022656361696,0.013227979505739555,0.015120141355203582,5.217978591582467,4.093481406385613,4.8955896734456665,0.5989048885537287,0.420876089157017
2025-09-01,0.02587357679633592,0.02547357679633592,0.023478260598065945,5.3529863613934126,4.19775701935555,5.010529603580024,0.5374354009673428,0.4700516792261258
2025-10-01,0.016760181314734408,0.00968844984792132,0.013552026983452418,5.442703383385667,4.238426777711336,5.078432435969128,0.5374354009673428,0.4700516792261258
2025-11-01,0.0035917802262849722,0.005234942760055044,0.004125452337541363,5.462252377775647,4.260614699285339,5.099383266933143,0.4727929112011982,0.5217656710390415
2025-12-01,-0.0006382640566130356,-0.0024717272946694585,-0.0011543790515121787,5.458766018414764,4.250083621641045,5.093496645714163,0.4133822558333211,0.5692941953333431
2026-01-01,0.009840966324870179,0.009840966324870179,0.00884219258846729,5.512485550977329,4.291908551439497,5.138534324004279,0.4069697156137991,0.5744242275089608
2026-02-01,-0.00011688350345326664,-0.00011688350345326664,0.0005326956920699059,5.511841232353396,4.291406898131504,5.14127159910223,0.4069697156137991,0.5744242275089608
2026-03-01,-0.009301806884670607,-0.009301806884670607,-0.00917694594284997,5.460571149631079,4.251489059901541,5.094090427559759,0.4069697156137991,0.5744242275089608
